COUNTY_CODE,COUNTY_NAME,DISTRICT_CODE,DISTRICT_NAME,SCHOOL_CODE,SCHOOL_NAME,SUBGROUP,2017 Adjusted Cohort Grad Rate,2016 Adjusted Cohort Grad Rate,2015 Adjusted Cohort Grad Rate,2014 Adjusted Cohort Grad Rate
01,ATLANTIC,0110,ATLANTIC CITY,010,Atlantic City High School,S,80.54,76.14,73.71,70.32
01,ATLANTIC,0110,ATLANTIC CITY,999,,D,80.54,76.14,73.71,70.32
01,ATLANTIC,0120,ATLANTIC CO VOCATIONAL,010,Atlantic County Institute of Technology,S,98.74,99.04,98.08,97.48
01,ATLANTIC,0120,ATLANTIC CO VOCATIONAL,999,,D,98.74,99.04,98.08,97.48
01,ATLANTIC,0590,BUENA REGIONAL,025,BUENA REGIONAL HIGH SCHOOL,S,86.98,91.71,90.56,87.98
01,ATLANTIC,0590,BUENA REGIONAL,999,,D,86.98,91.71,90.56,87.98
01,ATLANTIC,1310,EGG HARBOR TWP,005,EGG HARBOR TOWNSHIP HIGH SCHOOL,S,94.18,92.27,93.85,93.09
01,ATLANTIC,1310,EGG HARBOR TWP,999,,D,94.18,92.27,93.85,93.09
01,ATLANTIC,1790,GREATER EGG HARBOR REG,040,Absegami High School,S,91.83,91.75,90.25,92.86
01,ATLANTIC,1790,GREATER EGG HARBOR REG,050,Oakcrest High School,S,87.94,91.35,91.98,91.72
01,ATLANTIC,1790,GREATER EGG HARBOR REG,060,Cedar Creek High School,S,89.87,94.32,92.02,90.00
01,ATLANTIC,1790,GREATER EGG HARBOR REG,999,,D,90.11,92.27,91.20,91.84
01,ATLANTIC,1960,HAMMONTON TOWN,050,Hammonton High School,S,86.83,91.58,91.17,92.53
01,ATLANTIC,1960,HAMMONTON TOWN,999,,D,86.83,91.58,91.17,92.53
01,ATLANTIC,2910,MAINLAND REGIONAL,050,MAINLAND REGIONAL HIGH SCHOOL,S,95.88,93.66,95.93,92.56
01,ATLANTIC,2910,MAINLAND REGIONAL,999,,D,95.88,93.66,95.93,92.56
01,ATLANTIC,4180,PLEASANTVILLE CITY,050,PLEASANTVILLE HIGH SCHOOL,S,86.55,80.85,81.36,75.98
01,ATLANTIC,4180,PLEASANTVILLE CITY,999,,D,86.55,80.85,81.36,75.98
03,BERGEN,0290,BERGEN COUNTY VOCATIONAL,020,Bergen County Academies,S,99.22,99.60,99.46,100.00
03,BERGEN,0290,BERGEN COUNTY VOCATIONAL,070,Bergen County Technical High School - Teterboro,S,100.00,99.35,100.00,99.15
03,BERGEN,0290,BERGEN COUNTY VOCATIONAL,999,,D,99.52,99.50,99.69,99.66
03,BERGEN,0300,BERGENFIELD BORO,020,Bergenfield High School,S,97.32,96.49,97.64,96.85
03,BERGEN,0300,BERGENFIELD BORO,999,,D,97.32,96.49,97.64,96.85
03,BERGEN,0440,BOGOTA BORO,020,Bogota Jr./Sr. High School,S,92.71,92.71,88.00,94.74
03,BERGEN,0440,BOGOTA BORO,999,,D,92.71,92.71,88.00,94.74
03,BERGEN,0745,CARLSTADT-EAST RUTHERFORD,050,HENRY P. BECTON REGIONAL HIGH SCHOOL,S,96.92,97.50,92.81,83.55
03,BERGEN,0745,CARLSTADT-EAST RUTHERFORD,999,,D,96.92,97.50,92.81,83.55
03,BERGEN,0890,CLIFFSIDE PARK BORO,030,Cliffside Park High School,S,82.41,83.61,82.61,84.05
03,BERGEN,0890,CLIFFSIDE PARK BORO,999,,D,82.41,83.61,82.61,84.05
03,BERGEN,0990,CRESSKILL BORO,040,Cresskill High School,S,96.80,97.83,96.18,98.11
03,BERGEN,0990,CRESSKILL BORO,999,,D,96.80,97.83,96.18,98.11
03,BERGEN,1130,DUMONT BORO,040,Dumont High School,S,97.21,96.62,93.07,95.58
03,BERGEN,1130,DUMONT BORO,999,,D,97.21,96.62,93.07,95.58
03,BERGEN,1345,ELMWOOD PARK,050,Memorial Senior High School,S,91.71,90.10,89.37,84.21
03,BERGEN,1345,ELMWOOD PARK,999,,D,91.71,90.10,89.37,84.21
03,BERGEN,1360,EMERSON BORO,050,Emerson Jr Sr High,S,98.08,96.23,93.48,98.81
03,BERGEN,1360,EMERSON BORO,999,,D,98.08,96.23,93.48,98.81
03,BERGEN,1370,ENGLEWOOD CITY,040,Dwight Morrow High School/Academies@Englewood,S,87.29,86.53,82.03,84.08
03,BERGEN,1370,ENGLEWOOD CITY,999,,D,87.29,86.53,82.03,84.08
03,BERGEN,1450,FAIR LAWN BORO,050,FAIR LAWN HIGH SCHOOL,S,96.62,96.74,94.52,94.86
03,BERGEN,1450,FAIR LAWN BORO,999,,D,96.62,96.74,94.52,94.86
03,BERGEN,1550,FORT LEE BORO,050,Fort Lee High School,S,97.35,97.22,97.30,92.16
03,BERGEN,1550,FORT LEE BORO,999,,D,97.35,97.22,97.30,92.16
03,BERGEN,1700,GARFIELD CITY,050,GARFIELD HIGH SCHOOL,S,81.45,90.29,85.71,87.32
03,BERGEN,1700,GARFIELD CITY,999,,D,81.45,88.17,83.83,87.32
03,BERGEN,1760,GLEN ROCK BORO,050,GLEN ROCK HIGH SCHOOL,S,99.39,99.49,97.95,98.28
03,BERGEN,1760,GLEN ROCK BORO,999,,D,99.39,99.49,97.95,98.28
03,BERGEN,1860,HACKENSACK CITY,050,Hackensack High School,S,92.07,90.40,90.45,86.90
03,BERGEN,1860,HACKENSACK CITY,999,,D,92.07,90.40,90.45,86.90
03,BERGEN,2080,HASBROUCK HEIGHTS BORO,050,Hasbrouck Heights High School,S,94.92,95.56,92.70,94.04
03,BERGEN,2080,HASBROUCK HEIGHTS BORO,999,,D,94.92,95.56,92.70,94.04
03,BERGEN,2620,LEONIA BORO,050,Leonia High School,S,93.63,92.09,92.27,88.89
03,BERGEN,2620,LEONIA BORO,999,,D,93.63,92.09,92.27,88.89
03,BERGEN,2740,LODI BOROUGH,050,Lodi High School,S,95.44,90.11,93.70,86.49
03,BERGEN,2740,LODI BOROUGH,999,,D,95.44,90.11,93.70,86.49
03,BERGEN,2860,LYNDHURST TWP,050,Lyndhurst High School,S,94.71,94.71,94.65,97.37
03,BERGEN,2860,LYNDHURST TWP,999,,D,94.71,94.71,94.65,97.37
03,BERGEN,2900,MAHWAH TWP,050,Mahwah High School,S,96.95,97.41,95.83,97.61
03,BERGEN,2900,MAHWAH TWP,999,,D,96.95,97.41,95.83,97.61
03,BERGEN,3170,MIDLAND PARK BORO,050,Midland Park Jr./Sr. High School,S,95.00,96.30,96.34,93.15
03,BERGEN,3170,MIDLAND PARK BORO,999,,D,95.00,96.30,96.34,93.15
03,BERGEN,3550,NEW MILFORD BORO,050,NEW MILFORD HIGH SCHOOL,S,98.17,91.76,99.29,97.08
03,BERGEN,3550,NEW MILFORD BORO,999,,D,98.17,91.76,99.29,97.08
03,BERGEN,3600,NORTH ARLINGTON BORO,050,North Arlington High School,S,95.00,97.73,96.69,93.70
03,BERGEN,3600,NORTH ARLINGTON BORO,999,,D,95.00,97.73,96.69,93.70
03,BERGEN,3700,NORTHERN HIGHLANDS REG,050,Northern Highlands Regional High School,S,98.88,98.83,97.58,98.21
03,BERGEN,3700,NORTHERN HIGHLANDS REG,999,,D,98.88,98.83,97.58,98.21
03,BERGEN,3710,NORTHERN VALLEY REGIONAL,050,NORTHERN VALLEY REGIONAL HIGH SCHOOL AT DEMAREST,S,99.17,96.92,98.41,96.36
03,BERGEN,3710,NORTHERN VALLEY REGIONAL,060,Northern Valley Regional High School at Old Tappan,S,99.36,96.17,98.11,96.57
03,BERGEN,3710,NORTHERN VALLEY REGIONAL,999,,D,99.28,96.51,98.26,96.47
03,BERGEN,3910,PALISADES PARK,050,Palisades Park Jr-Sr High School,S,85.32,87.10,89.81,88.10
03,BERGEN,3910,PALISADES PARK,999,,D,85.32,87.10,89.81,88.10
03,BERGEN,3930,PARAMUS BORO,050,Paramus High School,S,96.78,97.95,95.44,95.33
03,BERGEN,3930,PARAMUS BORO,999,,D,96.78,97.95,95.44,95.33
03,BERGEN,3940,PARK RIDGE BORO,050,Park Ridge High School,S,97.00,97.20,98.02,99.10
03,BERGEN,3940,PARK RIDGE BORO,999,,D,97.00,97.20,98.02,99.10
03,BERGEN,3960,PASCACK VALLEY REGIONAL,040,PASCACK HILLS HIGH SCHOOL,S,96.23,97.87,98.07,98.98
03,BERGEN,3960,PASCACK VALLEY REGIONAL,050,PASCACK VALLEY HIGH SCHOOL,S,97.97,98.71,96.78,97.50
03,BERGEN,3960,PASCACK VALLEY REGIONAL,999,,D,97.20,98.39,97.30,98.02
03,BERGEN,4300,RAMAPO-INDIAN HILL REG,030,INDIAN HILLS HIGH SCHOOL,S,96.37,96.14,95.80,96.10
03,BERGEN,4300,RAMAPO-INDIAN HILL REG,050,RAMAPO HIGH SCHOOL,S,98.35,98.30,99.32,98.36
03,BERGEN,4300,RAMAPO-INDIAN HILL REG,999,,D,97.36,97.03,97.59,97.22
03,BERGEN,4310,RAMSEY BORO,050,RAMSEY HIGH SCHOOL,S,95.95,98.67,97.84,97.61
03,BERGEN,4310,RAMSEY BORO,999,,D,95.95,98.67,97.84,97.61
03,BERGEN,4370,RIDGEFIELD BORO,050,Ridgefield Memorial High School,S,84.06,91.54,89.51,88.51
03,BERGEN,4370,RIDGEFIELD BORO,100,Slocum Skewes School,S,-,,,
03,BERGEN,4370,RIDGEFIELD BORO,999,,D,82.27,91.54,89.51,88.51
03,BERGEN,4380,RIDGEFIELD PARK TWP,050,Ridgefield Park Jr Sr High School,S,93.62,92.06,92.80,91.27
03,BERGEN,4380,RIDGEFIELD PARK TWP,999,,D,93.62,92.06,92.80,91.27
03,BERGEN,4390,RIDGEWOOD VILLAGE,050,Ridgewood High School,S,97.44,95.64,97.42,97.89
03,BERGEN,4390,RIDGEWOOD VILLAGE,999,,D,97.44,95.64,97.42,97.89
03,BERGEN,4405,RIVER DELL REGIONAL,050,River Dell Regional High School,S,98.59,96.59,98.61,97.11
03,BERGEN,4405,RIVER DELL REGIONAL,999,,D,98.59,96.59,98.61,97.11
03,BERGEN,4600,RUTHERFORD BORO,050,Rutherford High School,S,90.43,93.75,94.66,95.96
03,BERGEN,4600,RUTHERFORD BORO,999,,D,90.43,93.75,94.66,95.96
03,BERGEN,4610,SADDLE BROOK TWP,050,SADDLE BROOK MIDDLE/HIGH SCHOOL,S,93.42,93.85,92.62,87.01
03,BERGEN,4610,SADDLE BROOK TWP,999,,D,93.42,93.85,92.62,87.01
03,BERGEN,5150,TEANECK TWP,050,Teaneck High School,S,88.77,92.37,90.15,91.33
03,BERGEN,5150,TEANECK TWP,999,,D,88.77,92.37,90.15,91.33
03,BERGEN,5160,TENAFLY BORO,050,TENAFLY HIGH SCHOOL,S,98.58,98.36,97.01,98.26
03,BERGEN,5160,TENAFLY BORO,999,,D,98.58,98.36,97.01,98.26
03,BERGEN,5410,WALDWICK BORO,030,Waldwick High School,S,95.50,94.83,96.52,91.73
03,BERGEN,5410,WALDWICK BORO,999,,D,95.50,94.83,96.52,91.73
03,BERGEN,5430,WALLINGTON BORO,050,WALLINGTON JUNIOR SENIOR HIGH SCHOOL,S,94.85,95.92,95.92,87.50
03,BERGEN,5430,WALLINGTON BORO,999,,D,94.85,95.92,95.92,87.50
03,BERGEN,5755,WESTWOOD REGIONAL,050,WESTWOOD JUNIONR/SENIOR HIGH SCHOOL,S,98.40,96.24,96.73,92.97
03,BERGEN,5755,WESTWOOD REGIONAL,999,,D,98.40,96.24,96.73,92.97
03,BERGEN,5830,WOOD-RIDGE BORO,050,Wood-Ridge Jr/Sr High School,S,95.40,87.74,91.53,90.53
03,BERGEN,5830,WOOD-RIDGE BORO,999,,D,95.40,87.74,91.53,90.53
05,BURLINGTON,0475,BORDENTOWN REGIONAL,050,Bordentown Regional High School,S,89.56,93.19,88.48,90.96
05,BURLINGTON,0475,BORDENTOWN REGIONAL,999,,D,89.56,93.19,88.48,90.96
05,BURLINGTON,0600,BURLINGTON CITY,020,Bulington City High School,S,85.82,86.71,78.47,82.22
05,BURLINGTON,0600,BURLINGTON CITY,999,,D,85.82,86.71,78.47,82.22
05,BURLINGTON,0610,BURLINGTON CO VOCATIONAL,030,BURLINGTON COUNTY INST OF TECH - Westhampton,S,96.74,98.32,97.02,95.40
05,BURLINGTON,0610,BURLINGTON CO VOCATIONAL,040,BURLINGTON COUNTY INST OF TECH - Medford,S,97.28,95.52,96.63,94.67
05,BURLINGTON,0610,BURLINGTON CO VOCATIONAL,999,,D,96.96,97.19,96.86,95.10
05,BURLINGTON,0620,BURLINGTON TWP,010,Burlington Township High School,S,96.78,95.48,95.28,96.81
05,BURLINGTON,0620,BURLINGTON TWP,999,,D,96.78,95.48,95.28,96.81
05,BURLINGTON,0840,CINNAMINSON TWP,030,CINNAMINSON HIGH SCHOOL,S,95.22,96.37,96.09,97.73
05,BURLINGTON,0840,CINNAMINSON TWP,999,,D,95.22,96.37,96.09,97.73
05,BURLINGTON,1060,DELRAN TWP,005,Delran High School,S,91.06,95.41,92.31,92.74
05,BURLINGTON,1060,DELRAN TWP,999,,D,91.06,95.41,92.31,92.74
05,BURLINGTON,1520,FLORENCE TWP,050,Florence Township Memorial High School,S,92.98,92.92,89.52,86.54
05,BURLINGTON,1520,FLORENCE TWP,999,,D,92.98,92.92,89.52,86.54
05,BURLINGTON,2610,LENAPE REGIONAL,040,Cherokee High School,S,95.75,96.11,96.42,96.60
05,BURLINGTON,2610,LENAPE REGIONAL,050,Lenape High School,S,94.25,94.64,92.76,95.78
05,BURLINGTON,2610,LENAPE REGIONAL,060,Shawnee High School,S,98.46,97.73,97.64,97.64
05,BURLINGTON,2610,LENAPE REGIONAL,070,Seneca High School,S,95.93,97.25,95.36,95.56
05,BURLINGTON,2610,LENAPE REGIONAL,999,,D,96.01,96.24,95.49,96.43
05,BURLINGTON,3010,MAPLE SHADE TWP,030,Maple Shade High School,S,86.33,91.72,91.73,92.26
05,BURLINGTON,3010,MAPLE SHADE TWP,999,,D,86.33,91.72,91.73,92.26
05,BURLINGTON,3360,MOORESTOWN TWP,040,Moorestown High School,S,99.43,98.44,96.83,95.94
05,BURLINGTON,3360,MOORESTOWN TWP,999,,D,99.43,98.44,96.83,95.94
05,BURLINGTON,3690,NORTHERN BURLINGTON REG,050,Northern Burlington County Regional High School,S,94.14,94.72,93.10,94.74
05,BURLINGTON,3690,NORTHERN BURLINGTON REG,999,,D,94.14,94.72,93.10,94.74
05,BURLINGTON,3920,PALMYRA BORO,050,Palmyra High School,S,88.16,88.89,87.34,82.29
05,BURLINGTON,3920,PALMYRA BORO,999,,D,88.16,88.89,87.34,82.29
05,BURLINGTON,4050,PEMBERTON TWP,055,Pemberton Township High School,S,86.38,86.14,89.72,84.27
05,BURLINGTON,4050,PEMBERTON TWP,999,,D,86.38,86.14,89.72,84.27
05,BURLINGTON,4320,RANCOCAS VALLEY REGIONAL,050,Rancocas Valley Regional High School,S,87.86,90.69,89.76,91.42
05,BURLINGTON,4320,RANCOCAS VALLEY REGIONAL,999,,D,87.86,90.69,89.76,91.42
05,BURLINGTON,4450,RIVERSIDE TWP,050,RIVERSIDE HIGH SCHOOL,S,88.00,80.65,85.16,89.06
05,BURLINGTON,4450,RIVERSIDE TWP,999,,D,88.00,80.65,85.16,89.06
05,BURLINGTON,5805,WILLINGBORO TWP,053,WILLINGBORO HIGH SCHOOL,S,89.02,78.90,77.78,73.86
05,BURLINGTON,5805,WILLINGBORO TWP,999,,D,89.02,78.90,77.78,73.86
07,CAMDEN,0150,AUDUBON BORO,010,Audubon Junior/Senior High School,S,93.33,93.55,91.67,92.31
07,CAMDEN,0150,AUDUBON BORO,999,,D,93.33,93.55,91.67,92.31
07,CAMDEN,0390,BLACK HORSE PIKE REGIONAL,020,Highland Regional High School,S,92.94,86.55,86.05,88.65
07,CAMDEN,0390,BLACK HORSE PIKE REGIONAL,030,Timber Creek Regional High School,S,89.69,89.07,92.47,91.24
07,CAMDEN,0390,BLACK HORSE PIKE REGIONAL,050,Triton Regional High School,S,89.44,91.95,86.43,84.44
07,CAMDEN,0390,BLACK HORSE PIKE REGIONAL,999,,D,90.75,89.20,88.41,88.08
07,CAMDEN,0680,CAMDEN CITY,029,Dr. Charles E. Brimm Medical Arts High School,S,100.00,100.00,98.04,95.92
07,CAMDEN,0680,CAMDEN CITY,030,Camden High School,S,53.82,61.09,46.61,52.35
07,CAMDEN,0680,CAMDEN CITY,040,Woodrow Wilson High School,S,66.26,66.42,63.39,60.46
07,CAMDEN,0680,CAMDEN CITY,245,Creative Arts Morgan Village Academy,S,91.53,95.12,94.44,90.91
07,CAMDEN,0680,CAMDEN CITY,305,Camden Big Picture Learning Academy,S,73.68,-,-,-
07,CAMDEN,0680,CAMDEN CITY,999,,D,66.01,69.57,63.57,61.70
07,CAMDEN,0700,CAMDEN COUNTY VOCATIONAL,030,Camden County Technical School-Pennsauken,S,93.84,95.98,92.90,91.71
07,CAMDEN,0700,CAMDEN COUNTY VOCATIONAL,040,Camden County Technical School-GTC,S,97.22,94.94,96.48,93.95
07,CAMDEN,0700,CAMDEN COUNTY VOCATIONAL,999,,D,96.17,95.45,94.84,92.89
07,CAMDEN,0800,CHERRY HILL TWP,030,Cherry Hill High School East,S,94.90,98.01,95.72,94.94
07,CAMDEN,0800,CHERRY HILL TWP,040,Cherry Hill High School West,S,91.00,88.41,92.02,88.92
07,CAMDEN,0800,CHERRY HILL TWP,060,Alternative High School,S,83.33,,,
07,CAMDEN,0800,CHERRY HILL TWP,999,,D,93.20,94.00,94.26,92.35
07,CAMDEN,0940,COLLINGSWOOD BORO,030,Collingswood High School,S,90.55,88.89,82.32,82.87
07,CAMDEN,0940,COLLINGSWOOD BORO,999,,D,90.55,88.89,82.32,82.87
07,CAMDEN,1255,EASTERN CAMDEN COUNTY REG,050,Eastern Regional High School,S,94.95,94.38,94.04,92.22
07,CAMDEN,1255,EASTERN CAMDEN COUNTY REG,999,,D,94.95,94.38,94.04,92.22
07,CAMDEN,1770,GLOUCESTER CITY,050,Gloucester City Jr. Sr. High School,S,89.86,94.04,82.47,86.21
07,CAMDEN,1770,GLOUCESTER CITY,999,,D,89.86,94.04,82.47,86.21
07,CAMDEN,1880,HADDON HEIGHTS BORO,050,HADDON HEIGHTS JR-SR HS,S,89.17,93.41,89.95,86.27
07,CAMDEN,1880,HADDON HEIGHTS BORO,999,,D,89.17,93.41,89.95,86.27
07,CAMDEN,1890,HADDON TWP,050,HADDON TOWNSHIP HIGH SCHOOL,S,96.34,94.48,93.05,91.37
07,CAMDEN,1890,HADDON TWP,999,,D,96.34,94.48,93.05,91.37
07,CAMDEN,1900,HADDONFIELD BORO,050,Haddonfield Memorial High School,S,98.06,96.94,98.96,95.79
07,CAMDEN,1900,HADDONFIELD BORO,999,,D,98.06,96.94,98.96,95.79
07,CAMDEN,2670,LINDENWOLD BORO,005,Lindenwold High School,S,75.16,77.22,76.43,77.54
07,CAMDEN,2670,LINDENWOLD BORO,999,,D,75.16,77.22,76.43,77.54
07,CAMDEN,4060,PENNSAUKEN TWP,050,PENNSAUKEN HIGH SCHOOL,S,83.67,84.97,77.67,74.72
07,CAMDEN,4060,PENNSAUKEN TWP,999,,D,83.67,84.97,77.67,74.72
07,CAMDEN,4110,PINE HILL BORO,010,Overbrook Senior High School,S,86.53,93.98,94.57,84.65
07,CAMDEN,4110,PINE HILL BORO,999,,D,86.53,93.98,94.57,84.65
07,CAMDEN,5035,STERLING HIGH SCHOOL DIST,050,Sterling High School,S,89.60,96.30,95.42,91.63
07,CAMDEN,5035,STERLING HIGH SCHOOL DIST,999,,D,89.60,96.30,95.42,91.63
07,CAMDEN,5820,WINSLOW TWP,010,Winslow Township High School,S,76.74,78.83,79.11,81.41
07,CAMDEN,5820,WINSLOW TWP,999,,D,76.74,78.83,79.11,81.41
09,CAPE MAY,0720,CAPE MAY CO VOCATIONAL,030,Cape May County Technical High SChool,S,97.95,97.12,93.71,86.75
09,CAPE MAY,0720,CAPE MAY CO VOCATIONAL,999,,D,97.95,97.12,93.71,86.75
09,CAPE MAY,2820,LOWER CAPE MAY REGIONAL,050,Lower Cape May Regional High School,S,78.88,81.17,80.24,78.76
09,CAPE MAY,2820,LOWER CAPE MAY REGIONAL,999,,D,78.88,81.17,80.24,78.76
09,CAPE MAY,3130,MIDDLE TWP,050,Middle Township High School,S,81.52,81.34,80.73,80.16
09,CAPE MAY,3130,MIDDLE TWP,999,,D,81.52,81.34,80.73,80.16
09,CAPE MAY,3780,OCEAN CITY,050,Ocean City High School,S,96.32,95.22,96.87,95.30
09,CAPE MAY,3780,OCEAN CITY,999,,D,96.32,95.22,96.87,95.30
09,CAPE MAY,5790,WILDWOOD CITY,050,WILDWOOD HIGH SCHOOL,S,75.90,79.10,77.11,68.83
09,CAPE MAY,5790,WILDWOOD CITY,999,,D,75.90,79.10,77.11,68.83
11,CUMBERLAND,0540,BRIDGETON CITY,020,Bridgeton High School,S,73.19,78.78,76.33,71.01
11,CUMBERLAND,0540,BRIDGETON CITY,999,,D,73.19,78.78,76.33,71.01
11,CUMBERLAND,0995,CUMBERLAND CO VOCATIONAL,030,Cumberland County Technical Education Center,S,-,,,
11,CUMBERLAND,0995,CUMBERLAND CO VOCATIONAL,999,,D,-,,,
11,CUMBERLAND,0997,CUMBERLAND REGIONAL,030,Cumberland Regional High School,S,88.02,86.53,89.86,89.67
11,CUMBERLAND,0997,CUMBERLAND REGIONAL,999,,D,88.02,86.53,89.86,89.67
11,CUMBERLAND,3230,MILLVILLE CITY,050,MILLVILLE SENIOR HIGH SCHOOL,S,87.29,90.77,90.22,86.17
11,CUMBERLAND,3230,MILLVILLE CITY,060,MEMORIAL HIGH SCHOOL,S,0.00,,,
11,CUMBERLAND,3230,MILLVILLE CITY,999,,D,85.34,90.77,90.22,86.17
11,CUMBERLAND,5390,VINELAND CITY,050,Vineland Senior High School,S,78.78,77.50,77.98,78.28
11,CUMBERLAND,5390,VINELAND CITY,999,,D,78.78,76.61,75.89,76.57
13,ESSEX,0250,BELLEVILLE TOWN,020,Belleville High School,S,85.06,85.16,91.96,76.40
13,ESSEX,0250,BELLEVILLE TOWN,999,,D,85.06,85.16,91.96,76.40
13,ESSEX,0410,BLOOMFIELD TWP,020,BLOOMFIELD HIGH SCHOOL,S,91.27,89.80,89.98,89.47
13,ESSEX,0410,BLOOMFIELD TWP,999,,D,91.27,89.80,89.98,89.47
13,ESSEX,0660,CALDWELL-WEST CALDWELL,050,JAMES CALDWELL HIGH SCHOOL,S,94.03,96.02,97.04,96.10
13,ESSEX,0660,CALDWELL-WEST CALDWELL,999,,D,94.03,96.02,97.04,96.10
13,ESSEX,0760,CEDAR GROVE TWP,050,CEDAR GROVE HIGH SCHOOL,S,98.39,96.58,98.25,99.23
13,ESSEX,0760,CEDAR GROVE TWP,999,,D,98.39,96.58,98.25,99.23
13,ESSEX,1210,EAST ORANGE,030,East Orange STEM Academy High School,S,95.70,96.15,100.00,93.75
13,ESSEX,1210,EAST ORANGE,035,East Orange Campus High School,S,67.92,64.07,66.33,63.39
13,ESSEX,1210,EAST ORANGE,150,Cicely L. Tyson Community Middle/High School,S,97.22,99.01,100.00,94.12
13,ESSEX,1210,EAST ORANGE,999,,D,76.72,74.77,75.58,71.87
13,ESSEX,1390,ESSEX CO VOC-TECH,020,Bloomfield Tech,S,98.35,98.23,98.23,99.21
13,ESSEX,1390,ESSEX CO VOC-TECH,050,North 13th St Tech,S,96.89,98.79,97.33,95.97
13,ESSEX,1390,ESSEX CO VOC-TECH,070,Newark Tech,S,96.27,96.45,93.30,95.65
13,ESSEX,1390,ESSEX CO VOC-TECH,080,West Caldwell Tech,S,92.86,92.86,90.16,84.44
13,ESSEX,1390,ESSEX CO VOC-TECH,999,,D,96.59,97.18,95.23,95.64
13,ESSEX,1750,GLEN RIDGE BORO,050,Glen Ridge High School,S,97.90,96.92,97.76,97.32
13,ESSEX,1750,GLEN RIDGE BORO,999,,D,97.90,96.92,97.76,97.32
13,ESSEX,2330,IRVINGTON TOWNSHIP,050,IRVINGTON HIGH SCHOOL,S,73.08,70.72,70.33,62.31
13,ESSEX,2330,IRVINGTON TOWNSHIP,999,,D,73.08,70.72,70.33,62.31
13,ESSEX,2730,LIVINGSTON TWP,050,Livingston High School,S,95.88,95.57,97.01,97.85
13,ESSEX,2730,LIVINGSTON TWP,999,,D,95.88,95.57,97.01,97.85
13,ESSEX,3190,MILLBURN TWP,050,Millburn High School,S,98.07,97.20,98.32,99.51
13,ESSEX,3190,MILLBURN TWP,999,,D,98.07,97.20,98.32,99.51
13,ESSEX,3310,MONTCLAIR TOWN,050,Montclair High School,S,93.46,92.11,91.42,91.13
13,ESSEX,3310,MONTCLAIR TOWN,999,,D,93.46,92.11,91.42,91.13
13,ESSEX,3570,NEWARK CITY,010,ARTS HIGH SCHOOL,S,90.71,90.91,90.20,96.97
13,ESSEX,3570,NEWARK CITY,020,BARRINGER ARTS HIGH SCHOOL,S,61.21,59.91,35.69,52.35
13,ESSEX,3570,NEWARK CITY,030,CENTRAL HIGH SCHOOL,S,75.49,80.88,71.62,80.95
13,ESSEX,3570,NEWARK CITY,040,EAST SIDE HIGH SCHOOL,S,76.91,73.77,69.63,75.00
13,ESSEX,3570,NEWARK CITY,045,NEWARK VOCATIONAL HIGH SCHOOL,S,64.44,63.57,64.09,48.05
13,ESSEX,3570,NEWARK CITY,050,MALCOLM X SHABAZZ HIGH SCHOOL,S,61.18,64.84,68.87,64.25
13,ESSEX,3570,NEWARK CITY,055,SCIENCE PARK HIGH SCHOOL,S,98.40,97.42,96.32,100.00
13,ESSEX,3570,NEWARK CITY,056,Technology High School,S,94.55,96.85,91.41,93.58
13,ESSEX,3570,NEWARK CITY,057,UNIVERSITY HIGH SCHOOL,S,94.29,96.12,95.49,92.41
13,ESSEX,3570,NEWARK CITY,070,WEEQUAHIC HIGH SCHOOL,S,73.39,71.43,66.18,67.05
13,ESSEX,3570,NEWARK CITY,087,American History High School,S,90.14,87.50,93.41,90.24
13,ESSEX,3570,NEWARK CITY,304,BARD EARLY COLLEGE HIGH SCHOOL,S,87.30,95.59,86.84,-
13,ESSEX,3570,NEWARK CITY,309,Newark Early College High School,S,74.76,76.77,,
13,ESSEX,3570,NEWARK CITY,312,Barringer Academy of S.T.E.A.M.,S,73.91,67.54,80.98,
13,ESSEX,3570,NEWARK CITY,999,,D,78.48,73.47,69.59,68.63
13,ESSEX,3750,NUTLEY TOWN,050,NUTLEY HIGH SCHOOL,S,95.47,94.57,95.38,92.81
13,ESSEX,3750,NUTLEY TOWN,999,,D,95.47,94.57,95.38,92.81
13,ESSEX,3880,CITY OF ORANGE TWP,050,ORANGE HIGH SCHOOL,S,91.19,91.04,86.58,86.17
13,ESSEX,3880,CITY OF ORANGE TWP,999,,D,91.19,90.68,83.23,86.17
13,ESSEX,4900,SOUTH ORANGE-MAPLEWOOD,030,Columbia High School,S,90.40,88.84,90.78,92.95
13,ESSEX,4900,SOUTH ORANGE-MAPLEWOOD,999,,D,90.40,88.84,90.78,92.95
13,ESSEX,5370,VERONA BORO,050,Verona High School,S,96.79,97.39,100.00,98.72
13,ESSEX,5370,VERONA BORO,999,,D,96.79,97.39,100.00,98.72
13,ESSEX,5630,WEST ESSEX REGIONAL,050,West Essex High School,S,96.44,97.79,98.45,97.43
13,ESSEX,5630,WEST ESSEX REGIONAL,999,,D,96.44,97.79,98.45,97.43
13,ESSEX,5680,WEST ORANGE TOWN,050,West Orange High School,S,86.67,84.88,85.94,85.16
13,ESSEX,5680,WEST ORANGE TOWN,999,,D,86.67,84.88,85.94,85.16
15,GLOUCESTER,0860,CLAYTON BORO,030,CLAYTON HIGH SCHOOL,S,90.00,92.38,88.64,82.98
15,GLOUCESTER,0860,CLAYTON BORO,999,,D,90.00,92.38,88.64,82.98
15,GLOUCESTER,0870,CLEARVIEW REGIONAL,020,Clearview Regional High School,S,93.19,96.36,95.01,94.98
15,GLOUCESTER,0870,CLEARVIEW REGIONAL,999,,D,93.19,96.36,95.01,94.98
15,GLOUCESTER,1100,DEPTFORD TWP,040,Deptford Township High School,S,92.05,84.34,88.81,85.29
15,GLOUCESTER,1100,DEPTFORD TWP,999,,D,92.05,84.34,88.81,85.29
15,GLOUCESTER,1715,GATEWAY REGIONAL,050,Gateway Regional High School,S,94.32,92.57,82.95,85.71
15,GLOUCESTER,1715,GATEWAY REGIONAL,999,,D,94.32,92.57,82.95,85.71
15,GLOUCESTER,1730,GLASSBORO,050,Glassboro High School,S,94.29,88.54,89.27,92.00
15,GLOUCESTER,1730,GLASSBORO,999,,D,94.29,88.54,89.27,92.00
15,GLOUCESTER,1775,GLOUCESTER CO VOCATIONAL,010,Gloucester County Institute of Technology,S,97.78,99.12,97.94,97.74
15,GLOUCESTER,1775,GLOUCESTER CO VOCATIONAL,999,,D,97.78,99.12,97.94,97.74
15,GLOUCESTER,2440,KINGSWAY REGIONAL,050,Kingsway Regional High School,S,95.90,93.85,94.99,95.15
15,GLOUCESTER,2440,KINGSWAY REGIONAL,999,,D,95.90,93.85,94.99,95.15
15,GLOUCESTER,3280,MONROE TWP,050,WILLIAMSTOWN HIGH SCHOOL,S,89.14,91.08,88.34,87.22
15,GLOUCESTER,3280,MONROE TWP,999,,D,89.14,91.08,88.34,87.22
15,GLOUCESTER,4020,PAULSBORO BORO,050,Paulsboro High School,S,87.88,76.47,85.29,83.84
15,GLOUCESTER,4020,PAULSBORO BORO,999,,D,87.88,76.47,85.29,83.84
15,GLOUCESTER,4140,PITMAN BORO,050,PITMAN HIGH SCHOOL,S,94.12,92.59,89.38,94.64
15,GLOUCESTER,4140,PITMAN BORO,999,,D,94.12,92.59,89.38,94.64
15,GLOUCESTER,4940,DELSEA REGIONAL H.S DIST.,050,Delsea Regional High School,S,94.90,93.02,92.36,90.54
15,GLOUCESTER,4940,DELSEA REGIONAL H.S DIST.,999,,D,94.90,93.02,92.36,90.54
15,GLOUCESTER,5500,WASHINGTON TWP,010,WASHINGTON TOWNSHIP HIGH SCHOOL,S,94.50,93.05,94.08,92.31
15,GLOUCESTER,5500,WASHINGTON TWP,999,,D,94.50,93.05,94.08,92.31
15,GLOUCESTER,5620,WEST DEPTFORD TWP,050,West Deptford High School,S,93.50,91.46,96.19,91.33
15,GLOUCESTER,5620,WEST DEPTFORD TWP,999,,D,93.50,91.46,96.19,91.33
15,GLOUCESTER,5860,WOODBURY CITY,050,Woodbury Jr-Sr High School,S,86.61,89.47,82.22,86.18
15,GLOUCESTER,5860,WOODBURY CITY,999,,D,86.61,89.47,82.22,86.18
17,HUDSON,0220,BAYONNE CITY,020,Bayonne High School,S,89.86,85.78,81.49,81.58
17,HUDSON,0220,BAYONNE CITY,999,,D,86.20,85.78,81.49,81.58
17,HUDSON,2060,HARRISON TOWN,050,Harrison High School,S,91.94,94.57,91.71,90.48
17,HUDSON,2060,HARRISON TOWN,999,,D,91.94,94.57,91.71,90.48
17,HUDSON,2210,HOBOKEN CITY,005,Hoboken High School,S,89.92,86.01,83.33,86.78
17,HUDSON,2210,HOBOKEN CITY,999,,D,89.92,86.01,83.33,86.78
17,HUDSON,2295,HUDSON COUNTY VOCATIONAL,030,County Prep High School,S,99.41,99.44,100.00,100.00
17,HUDSON,2295,HUDSON COUNTY VOCATIONAL,050,High Tech High School,S,99.01,99.46,99.43,99.36
17,HUDSON,2295,HUDSON COUNTY VOCATIONAL,301,Knowledge Advanced Skills,S,60.87,23.08,,
17,HUDSON,2295,HUDSON COUNTY VOCATIONAL,304,Academy of Technology Design,S,100.00,100.00,,
17,HUDSON,2295,HUDSON COUNTY VOCATIONAL,999,,D,97.29,92.74,85.48,77.66
17,HUDSON,2390,JERSEY CITY,002,Infinity Institute,S,100.00,100.00,100.00,-
17,HUDSON,2390,JERSEY CITY,050,Henry Snyder High School,S,60.00,50.96,56.51,41.84
17,HUDSON,2390,JERSEY CITY,060,James J Ferris High School,S,81.17,75.00,71.21,66.67
17,HUDSON,2390,JERSEY CITY,070,Lincoln High School,S,63.90,69.23,61.26,55.08
17,HUDSON,2390,JERSEY CITY,075,Dr Ronald McNair High School,S,100.00,100.00,100.00,98.73
17,HUDSON,2390,JERSEY CITY,080,William L Dickinson High School,S,78.45,78.16,77.04,73.01
17,HUDSON,2390,JERSEY CITY,082,Liberty High School,S,100.00,100.00,96.00,89.58
17,HUDSON,2390,JERSEY CITY,999,,D,77.50,74.85,73.68,67.15
17,HUDSON,2410,KEARNY TOWN,050,Kearny High School,S,91.85,90.04,90.36,92.41
17,HUDSON,2410,KEARNY TOWN,999,,D,91.85,90.04,90.36,92.41
17,HUDSON,3610,NORTH BERGEN TWP,050,North Bergen High School,S,85.41,82.69,86.16,84.18
17,HUDSON,3610,NORTH BERGEN TWP,999,,D,85.41,82.69,86.16,84.18
17,HUDSON,4730,SECAUCUS TOWN,050,SECAUCUS HIGH SCHOOL,S,98.52,94.03,97.08,93.88
17,HUDSON,4730,SECAUCUS TOWN,999,,D,98.52,94.03,97.08,93.88
17,HUDSON,5240,UNION CITY,055,Union City High School,S,85.39,79.56,87.47,80.63
17,HUDSON,5240,UNION CITY,999,,D,85.39,79.56,87.47,80.63
17,HUDSON,5580,WEEHAWKEN TWP,050,Weehawken High School,S,97.92,90.24,85.19,81.33
17,HUDSON,5580,WEEHAWKEN TWP,999,,D,97.92,90.24,85.19,81.33
17,HUDSON,5670,WEST NEW YORK TOWN,050,Memorial High School,S,79.14,82.72,84.70,84.58
17,HUDSON,5670,WEST NEW YORK TOWN,999,,D,79.14,82.72,84.70,84.58
19,HUNTERDON,1050,DELAWARE VALLEY REGIONAL,040,DELAWARE VALLEY REGIONAL HIGH SCHOOL,S,94.23,97.41,95.02,96.53
19,HUNTERDON,1050,DELAWARE VALLEY REGIONAL,999,,D,94.23,97.41,95.02,96.53
19,HUNTERDON,1376,SOUTH HUNTERDON REGIONAL SCHOOL DISTRICT,050,SOUTH HUNTERDON HIGH SCHOOL,S,100.00,98.73,100.00,
19,HUNTERDON,1376,SOUTH HUNTERDON REGIONAL SCHOOL DISTRICT,999,,D,100.00,98.73,100.00,
19,HUNTERDON,2300,HUNTERDON CENTRAL REG,050,Hunterdon Central Regional High School District,S,96.13,96.41,94.70,95.04
19,HUNTERDON,2300,HUNTERDON CENTRAL REG,999,,D,96.13,96.41,94.70,95.04
19,HUNTERDON,3660,N HUNT/VOORHEES REGIONAL,050,North Hunterdon High School,S,97.28,97.40,97.41,96.96
19,HUNTERDON,3660,N HUNT/VOORHEES REGIONAL,060,Voorhees High School,S,97.05,96.09,96.27,95.62
19,HUNTERDON,3660,N HUNT/VOORHEES REGIONAL,999,,D,97.19,96.88,96.99,96.41
21,MERCER,1245,EAST WINDSOR REGIONAL,050,HIGHTSTOWN HIGH SCHOOL,S,94.00,91.89,93.09,87.64
21,MERCER,1245,EAST WINDSOR REGIONAL,999,,D,94.00,91.89,93.09,87.64
21,MERCER,1430,EWING TWP,050,Ewing High School,S,91.51,88.85,89.63,91.45
21,MERCER,1430,EWING TWP,999,,D,91.51,88.85,89.63,91.45
21,MERCER,1950,HAMILTON TWP,050,HAMILTON EAST - STEINERT,S,96.89,94.96,95.18,94.16
21,MERCER,1950,HAMILTON TWP,055,HAMILTON NORTH-NOTTINGHAM,S,88.05,91.37,88.79,87.53
21,MERCER,1950,HAMILTON TWP,060,HAMILTON WEST-WATSON,S,90.03,90.60,89.43,88.70
21,MERCER,1950,HAMILTON TWP,999,,D,91.41,92.39,91.15,90.19
21,MERCER,2280,HOPEWELL VALLEY REGIONAL,030,Hopewell Valley Central High School,S,97.56,97.20,96.88,97.32
21,MERCER,2280,HOPEWELL VALLEY REGIONAL,999,,D,97.56,97.20,96.88,97.32
21,MERCER,2580,LAWRENCE TWP,040,Lawrence High School,S,94.39,95.12,95.15,90.91
21,MERCER,2580,LAWRENCE TWP,999,,D,94.39,95.12,95.15,90.91
21,MERCER,3105,MERCER COUNTY VOCATIONAL,030,MCVS ASSUNPINK CENTER SHARED TIME/RUBINO,S,44.44,60.00,74.42,-
21,MERCER,3105,MERCER COUNTY VOCATIONAL,040,MCVS Arthur R. Sypek Center,S,-,,,
21,MERCER,3105,MERCER COUNTY VOCATIONAL,301,Academy/Full-time Programs,S,100.00,,,
21,MERCER,3105,MERCER COUNTY VOCATIONAL,999,,D,64.86,60.00,74.42,-
21,MERCER,4255,PRINCETON REGIONAL,050,Princeton High School,S,97.45,94.85,98.89,95.47
21,MERCER,4255,PRINCETON PUBLIC SCHOOLS,999,,D,97.45,94.85,98.89,95.47
21,MERCER,5210,TRENTON CITY,030,Daylight/Twilight High School,S,34.43,27.27,29.10,14.29
21,MERCER,5210,TRENTON CITY,050,Trenton Central High School - Main Campus,S,81.73,83.25,79.66,67.23
21,MERCER,5210,TRENTON CITY,051,Trenton Central High School - West Campus,S,85.71,91.81,83.67,83.80
21,MERCER,5210,TRENTON PUBLIC SCHOOL DISTRICT,999,,D,70.14,66.55,68.63,52.95
21,MERCER,5510,ROBBINSVILLE TWP,030,Robbinsville High School,S,97.36,98.25,97.84,96.48
21,MERCER,5510,ROBBINSVILLE,999,,D,97.36,98.25,97.84,96.48
21,MERCER,5715,W WINDSOR-PLAINSBORO REG,020,West Windsor-Plainsboro High School South,S,96.67,97.03,98.60,96.85
21,MERCER,5715,W WINDSOR-PLAINSBORO REG,025,West Windsor-Plainsboro High School North,S,94.08,98.40,98.58,97.26
21,MERCER,5715,W WINDSOR-PLAINSBORO REG,999,,D,95.48,97.72,98.59,97.06
23,MIDDLESEX,0750,CARTERET BORO,030,Carteret High School,S,82.37,88.32,83.59,86.71
23,MIDDLESEX,0750,CARTERET BORO,999,,D,82.37,88.32,83.59,86.71
23,MIDDLESEX,1140,DUNELLEN BORO,040,Dunellen High School,S,90.70,83.54,90.72,87.64
23,MIDDLESEX,1140,DUNELLEN BORO,999,,D,90.70,83.54,90.72,87.64
23,MIDDLESEX,1170,EAST BRUNSWICK TWP,050,East Brunswick High School,S,96.86,97.17,96.26,96.59
23,MIDDLESEX,1170,EAST BRUNSWICK TWP,999,,D,96.86,97.17,96.26,96.59
23,MIDDLESEX,1290,EDISON TWP,050,Edison High School,S,92.84,89.76,90.22,90.51
23,MIDDLESEX,1290,EDISON TWP,053,John P. Stevens High School,S,95.83,97.71,97.48,97.50
23,MIDDLESEX,1290,EDISON TWP,999,,D,94.42,93.79,93.90,94.18
23,MIDDLESEX,2150,HIGHLAND PARK BORO,050,HIGHLAND PARK HIGH SCHOOL,S,93.48,93.70,92.16,90.27
23,MIDDLESEX,2150,HIGHLAND PARK BORO,999,,D,93.48,93.70,92.16,90.27
23,MIDDLESEX,3120,METUCHEN BORO,050,Metuchen High School,S,96.86,95.65,96.20,94.83
23,MIDDLESEX,3120,METUCHEN BORO,999,,D,96.86,95.65,96.20,94.83
23,MIDDLESEX,3140,MIDDLESEX BORO,050,Middlesex High School,S,96.67,88.27,90.50,88.51
23,MIDDLESEX,3140,MIDDLESEX BORO,999,,D,96.67,88.27,90.50,88.51
23,MIDDLESEX,3150,MIDDLESEX CO VOCATIONAL,010,Middlesex County Voc Academy Math Science &Engineering Techn,S,100.00,100.00,100.00,97.67
23,MIDDLESEX,3150,MIDDLESEX CO VOCATIONAL,040,Middlesex County Vocational School  East  Brunswick,S,98.99,98.84,85.53,90.00
23,MIDDLESEX,3150,MIDDLESEX CO VOCATIONAL,060,Middlesex County Vocational School Perth Amboy,S,95.59,86.57,91.43,98.53
23,MIDDLESEX,3150,MIDDLESEX CO VOCATIONAL,065,Middlesex County Vocational School Piscataway,S,97.18,95.51,96.10,88.89
23,MIDDLESEX,3150,MIDDLESEX CO VOCATIONAL,070,Middlesex County Voc Acad Allied Health & Biomedical Science,S,100.00,98.51,97.87,100.00
23,MIDDLESEX,3150,MIDDLESEX CO VOCATIONAL,300,Middlesex Co Voc School Piscataway School of Career Develop,S,92.86,85.11,,
23,MIDDLESEX,3150,MIDDLESEX CO VOCATIONAL,301,Middlesex Co Voc School East Bruns. School of Career Develop,S,95.31,92.42,,
23,MIDDLESEX,3150,MIDDLESEX CO VOCATIONAL,999,,D,97.32,94.18,93.10,93.43
23,MIDDLESEX,3290,MONROE TWP,005,Monroe Township High School,S,95.95,94.86,93.39,94.46
23,MIDDLESEX,3290,MONROE TWP,999,,D,95.95,94.86,93.39,94.46
23,MIDDLESEX,3530,NEW BRUNSWICK CITY,050,New Brunswick High School,S,68.74,69.50,68.50,62.98
23,MIDDLESEX,3530,NEW BRUNSWICK CITY,999,,D,68.74,69.50,68.50,62.98
23,MIDDLESEX,3620,NORTH BRUNSWICK TWP,040,North Brunswick Township High School,S,80.89,87.23,84.35,88.79
23,MIDDLESEX,3620,NORTH BRUNSWICK TWP,999,,D,80.89,87.23,84.35,88.79
23,MIDDLESEX,3845,OLD BRIDGE TWP,040,Old Bridge High School,S,94.21,95.35,93.06,94.10
23,MIDDLESEX,3845,OLD BRIDGE TWP,999,,D,94.21,95.35,93.06,94.10
23,MIDDLESEX,4090,PERTH AMBOY CITY,050,Perth Amboy High School,S,75.86,71.74,73.38,59.73
23,MIDDLESEX,4090,PERTH AMBOY CITY,999,,D,75.86,71.74,73.38,59.73
23,MIDDLESEX,4130,PISCATAWAY TWP,050,Piscataway Township High School,S,92.12,90.33,91.94,89.27
23,MIDDLESEX,4130,PISCATAWAY TWP,999,,D,92.12,90.33,91.94,89.27
23,MIDDLESEX,4660,SAYREVILLE BORO,050,Sayreville War Memorial High School,S,89.95,90.74,89.87,90.02
23,MIDDLESEX,4660,SAYREVILLE BORO,999,,D,89.95,90.74,89.87,90.02
23,MIDDLESEX,4830,SOUTH AMBOY CITY,030,South Amboy Middle/High School,S,88.00,85.92,85.19,91.11
23,MIDDLESEX,4830,SOUTH AMBOY CITY,999,,D,88.00,85.92,85.19,91.11
23,MIDDLESEX,4860,SOUTH BRUNSWICK TWP,050,South Brunswick High School,S,95.78,96.61,95.83,95.56
23,MIDDLESEX,4860,SOUTH BRUNSWICK TWP,999,,D,95.78,96.61,95.83,95.56
23,MIDDLESEX,4910,SOUTH PLAINFIELD BORO,050,South Plainfield High School,S,92.22,95.54,95.49,94.16
23,MIDDLESEX,4910,SOUTH PLAINFIELD BORO,999,,D,92.22,95.54,95.49,94.16
23,MIDDLESEX,4920,SOUTH RIVER BORO,050,South River High School,S,86.45,88.39,92.05,90.12
23,MIDDLESEX,4920,SOUTH RIVER BORO,999,,D,86.45,88.39,92.05,90.12
23,MIDDLESEX,4970,SPOTSWOOD BORO,040,Spotswood High School,S,94.58,95.65,95.03,93.47
23,MIDDLESEX,4970,SPOTSWOOD BORO,999,,D,94.58,95.65,95.03,93.47
23,MIDDLESEX,5850,WOODBRIDGE TWP,020,COLONIA HIGH SCHOOL,S,94.13,92.66,93.15,94.01
23,MIDDLESEX,5850,WOODBRIDGE TWP,040,JOHN F. KENNEDY HIGH SCHOOL,S,93.27,94.71,93.19,96.09
23,MIDDLESEX,5850,WOODBRIDGE TWP,050,WOODBRIDGE HIGH SCHOOL,S,89.88,89.41,89.24,88.56
23,MIDDLESEX,5850,WOODBRIDGE TWP,999,,D,92.28,92.19,91.82,92.82
25,MONMOUTH,0100,ASBURY PARK CITY,010,Asbury Park High School,S,71.05,73.12,66.04,49.26
25,MONMOUTH,0100,ASBURY PARK CITY,999,,D,71.05,73.12,66.04,49.26
25,MONMOUTH,1650,FREEHOLD REGIONAL,010,Colts Neck High School,S,93.16,93.00,93.42,96.67
25,MONMOUTH,1650,FREEHOLD REGIONAL,050,Freehold Borough High School,S,94.46,92.68,91.34,92.82
25,MONMOUTH,1650,FREEHOLD REGIONAL,055,Freehold Township High School,S,92.77,94.99,93.25,95.43
25,MONMOUTH,1650,FREEHOLD REGIONAL,060,Howell High School,S,97.90,98.46,96.88,97.09
25,MONMOUTH,1650,FREEHOLD REGIONAL,070,Manalapan High School,S,98.20,96.91,97.89,97.06
25,MONMOUTH,1650,FREEHOLD REGIONAL,080,Marlboro High School,S,97.80,96.67,97.51,97.80
25,MONMOUTH,1650,FREEHOLD REGIONAL,999,,D,95.78,95.77,95.29,96.23
25,MONMOUTH,2105,HAZLET TWP,050,Raritan High School,S,98.73,98.71,96.27,97.71
25,MONMOUTH,2105,HAZLET TWP,999,,D,98.73,98.71,96.27,97.71
25,MONMOUTH,2120,HENRY HUDSON REGIONAL,050,Henry Hudson Regional School,S,94.12,86.84,93.33,85.48
25,MONMOUTH,2120,HENRY HUDSON REGIONAL,999,,D,94.12,86.84,93.33,85.48
25,MONMOUTH,2230,HOLMDEL TWP,020,Holmdel High School,S,97.60,96.80,97.75,98.17
25,MONMOUTH,2230,HOLMDEL TWP,999,,D,97.60,96.80,97.75,98.17
25,MONMOUTH,2400,KEANSBURG BORO,010,Keansburg High School,S,81.74,81.05,87.76,80.41
25,MONMOUTH,2400,KEANSBURG BORO,999,,D,81.74,81.05,87.76,80.41
25,MONMOUTH,2430,KEYPORT BORO,050,Keyport High School,S,87.04,85.16,85.98,80.67
25,MONMOUTH,2430,KEYPORT BORO,999,,D,87.04,85.16,85.98,80.67
25,MONMOUTH,2770,LONG BRANCH CITY,050,Long Branch High School,S,92.11,90.80,92.19,94.42
25,MONMOUTH,2770,LONG BRANCH CITY,999,,D,92.11,90.80,92.19,94.42
25,MONMOUTH,2930,MANASQUAN BORO,050,Manasquan High School,S,94.53,94.85,93.62,91.34
25,MONMOUTH,2930,MANASQUAN BORO,999,,D,94.53,94.85,93.62,91.34
25,MONMOUTH,3040,MATAWAN-ABERDEEN REGIONAL,050,Matawan Regional High School,S,92.11,89.34,91.14,91.06
25,MONMOUTH,3040,MATAWAN-ABERDEEN REGIONAL,999,,D,92.11,89.34,91.14,91.06
25,MONMOUTH,3160,MIDDLETOWN TWP,050,Middletown High School North,S,91.27,96.55,94.32,94.49
25,MONMOUTH,3160,MIDDLETOWN TWP,053,Middletown High School South,S,94.94,97.54,93.46,92.10
25,MONMOUTH,3160,MIDDLETOWN TWP,999,,D,93.00,97.04,93.90,93.29
25,MONMOUTH,3260,MONMOUTH CO VOCATIONAL,004,Communications High School,S,100.00,100.00,100.00,100.00
25,MONMOUTH,3260,MONMOUTH CO VOCATIONAL,010,HIGH TECHNOLOGY HIGH SCHOOL,S,100.00,98.44,98.41,100.00
25,MONMOUTH,3260,MONMOUTH CO VOCATIONAL,020,MARINE ACADEMY OF SCIENCE AND TECHNOLOGY,S,95.95,94.29,96.61,97.30
25,MONMOUTH,3260,MONMOUTH CO VOCATIONAL,025,ACADEMY OF ALLIED HEALTH AND SCIENCE,S,100.00,100.00,100.00,100.00
25,MONMOUTH,3260,MONMOUTH CO VOCATIONAL,028,BIOTECHNOLOGY HIGH SCHOOL,S,100.00,100.00,100.00,100.00
25,MONMOUTH,3260,MONMOUTH CO VOCATIONAL,050,MONMOUTH COUNTY VOCATIONAL TECHNICAL HIGH SCHOOL,S,-,,,
25,MONMOUTH,3260,MONMOUTH CO VOCATIONAL,301,Academy of Law & Public Safety,S,100.00,97.30,,
25,MONMOUTH,3260,MONMOUTH CO VOCATIONAL,999,,D,99.04,95.49,96.81,96.60
25,MONMOUTH,3270,MONMOUTH REGIONAL,050,Monmouth Regional High School,S,92.72,95.51,94.26,94.00
25,MONMOUTH,3270,MONMOUTH REGIONAL,999,,D,92.72,95.51,94.26,94.00
25,MONMOUTH,3510,NEPTUNE TWP,050,NEPTUNE HIGH SCHOOL,S,80.35,84.46,80.73,78.33
25,MONMOUTH,3510,NEPTUNE TWP,999,,D,80.35,84.46,80.73,78.33
25,MONMOUTH,3810,OCEAN TWP,030,Ocean Township High School,S,93.46,90.96,94.14,95.20
25,MONMOUTH,3810,OCEAN TWP,999,,D,93.46,90.96,94.14,95.20
25,MONMOUTH,4365,RED BANK REGIONAL,050,RED BANK REGIONAL HIGH SCHOOL,S,96.37,96.44,96.01,94.10
25,MONMOUTH,4365,RED BANK REGIONAL,999,,D,96.37,96.44,96.01,94.10
25,MONMOUTH,4580,RUMSON-FAIR HAVEN REG,050,RUMSON-FAIR HAVEN REGIONAL HIGH SCHOOL,S,96.55,99.58,98.40,98.76
25,MONMOUTH,4580,RUMSON-FAIR HAVEN REG,999,,D,96.55,99.58,98.40,98.76
25,MONMOUTH,4760,SHORE REGIONAL,050,SHORE REGIONAL HIGH SCHOOL,S,93.87,96.36,98.15,98.25
25,MONMOUTH,4760,SHORE REGIONAL,999,,D,93.87,96.36,98.15,98.25
25,MONMOUTH,5310,UPPER FREEHOLD REGIONAL,050,Allentown High School,S,97.59,95.08,95.76,95.19
25,MONMOUTH,5310,UPPER FREEHOLD REGIONAL,999,,D,97.59,95.08,95.76,95.19
25,MONMOUTH,5420,WALL TWP,050,Wall High School,S,95.16,98.53,93.73,95.92
25,MONMOUTH,5420,WALL TWP,999,,D,95.16,98.53,93.73,95.92
27,MORRIS,0450,BOONTON TOWN,020,Boonton High School,S,95.71,95.14,95.92,94.16
27,MORRIS,0450,BOONTON TOWN,999,,D,95.71,95.14,95.92,94.16
27,MORRIS,0630,BUTLER BORO,020,Butler High School,S,94.12,90.43,90.43,88.50
27,MORRIS,0630,BUTLER BORO,999,,D,94.12,90.43,90.43,88.50
27,MORRIS,0785,SCH DIST OF THE CHATHAMS,010,Chatham High School,S,99.09,98.28,97.64,99.31
27,MORRIS,0785,SCH DIST OF THE CHATHAMS,999,,D,99.09,98.28,97.64,99.31
27,MORRIS,1110,DOVER TOWN,040,Dover High School,S,87.85,85.27,84.51,84.11
27,MORRIS,1110,DOVER TOWN,999,,D,87.85,85.27,84.51,84.11
27,MORRIS,1990,HANOVER PARK REGIONAL,050,Hanover Park High School,S,96.40,97.52,96.68,97.20
27,MORRIS,1990,HANOVER PARK REGIONAL,070,Whippany Park High School,S,98.90,97.83,97.78,96.57
27,MORRIS,1990,HANOVER PARK REGIONAL,999,,D,97.52,97.65,97.19,96.92
27,MORRIS,2380,JEFFERSON TWP,020,Jefferson Township High School,S,93.33,94.07,91.32,93.17
27,MORRIS,2380,JEFFERSON TWP,999,,D,93.33,94.07,91.32,93.17
27,MORRIS,2460,KINNELON BORO,050,Kinnelon High School,S,97.62,97.60,98.90,97.30
27,MORRIS,2460,KINNELON BORO,999,,D,97.62,97.60,98.90,97.30
27,MORRIS,2870,MADISON BORO,050,Madison High School,S,97.04,96.85,97.56,95.96
27,MORRIS,2870,MADISON BORO,999,,D,97.04,96.85,97.56,95.96
27,MORRIS,3340,MONTVILLE TWP,010,Montville Township High School,S,99.01,97.51,94.91,98.89
27,MORRIS,3340,MONTVILLE TWP,999,,D,99.01,97.51,94.91,98.89
27,MORRIS,3365,MORRIS COUNTY VOCATIONAL,010,Academy for Law and Public Safety,S,92.86,-,,
27,MORRIS,3365,MORRIS COUNTY VOCATIONAL,020,Academy for Mathematics Science and Engineering,S,100.00,-,-,-
27,MORRIS,3365,MORRIS COUNTY VOCATIONAL,050,Morris County School of Technology,S,99.36,99.32,99.26,100.00
27,MORRIS,3365,MORRIS COUNTY VOCATIONAL,999,,D,98.98,99.45,98.82,100.00
27,MORRIS,3370,MORRIS HILLS REGIONAL,050,Morris Hills High School,S,90.09,94.17,94.18,90.94
27,MORRIS,3370,MORRIS HILLS REGIONAL,060,Morris Knolls High School,S,92.84,92.43,92.33,92.35
27,MORRIS,3370,MORRIS HILLS REGIONAL,999,,D,91.64,93.21,93.06,91.73
27,MORRIS,3385,MORRIS SCHOOL DISTRICT,050,MORRISTOWN HIGH SCHOOL,S,87.15,86.53,92.89,88.94
27,MORRIS,3385,MORRIS SCHOOL DISTRICT,999,,D,87.15,86.53,92.89,88.94
27,MORRIS,3450,MOUNT OLIVE TWP,010,Mount Olive High School,S,94.17,93.70,91.76,91.15
27,MORRIS,3450,MOUNT OLIVE TWP,999,,D,94.17,93.70,91.76,91.15
27,MORRIS,3460,MOUNTAIN LAKES BORO,050,Mountain Lakes High School,S,95.36,94.44,96.13,98.81
27,MORRIS,3460,MOUNTAIN LAKES BORO,999,,D,95.36,94.44,96.13,98.81
27,MORRIS,3950,PARSIPPANY-TROY HILLS TWP,050,Parsippany High School,S,92.72,95.69,95.76,90.81
27,MORRIS,3950,PARSIPPANY-TROY HILLS TWP,053,Parsippany Hills High School,S,96.27,96.17,97.59,98.98
27,MORRIS,3950,PARSIPPANY-TROY HILLS TWP,999,,D,94.52,95.93,96.77,95.04
27,MORRIS,4080,PEQUANNOCK TWP,050,Pequannock Township High School,S,95.11,96.60,96.52,97.74
27,MORRIS,4080,PEQUANNOCK TWP,999,,D,95.11,96.60,96.52,97.74
27,MORRIS,4330,RANDOLPH TWP,050,Randolph High School,S,99.19,97.45,98.40,98.25
27,MORRIS,4330,RANDOLPH TWP,999,,D,99.19,97.45,98.40,98.25
27,MORRIS,4560,ROXBURY TWP,050,Roxbury High School,S,93.27,93.75,94.59,94.13
27,MORRIS,4560,ROXBURY TWP,999,,D,93.27,93.75,94.59,94.13
27,MORRIS,5660,WEST MORRIS REGIONAL,030,WEST MORRIS CENTRAL HIGH SCHOOL,S,96.79,98.42,98.18,98.30
27,MORRIS,5660,WEST MORRIS REGIONAL,050,WEST MORRIS MENDHAM HIGH SCHOOL,S,97.25,97.52,96.96,97.98
27,MORRIS,5660,WEST MORRIS REGIONAL,999,,D,97.03,97.94,97.54,98.14
29,OCEAN,0185,BARNEGAT TWP,030,Barnegat High School,S,87.60,91.51,85.77,89.11
29,OCEAN,0185,BARNEGAT TWP,999,,D,87.60,91.51,85.77,89.11
29,OCEAN,0530,BRICK TWP,020,Brick Township High School,S,90.12,89.73,87.59,86.87
29,OCEAN,0530,BRICK TWP,025,Brick Township Memorial High School,S,91.54,91.55,91.76,90.20
29,OCEAN,0530,BRICK TWP,999,,D,90.90,90.72,89.84,88.64
29,OCEAN,0770,CENTRAL REGIONAL,030,Central Regional High School,S,86.52,87.11,84.06,85.76
29,OCEAN,0770,CENTRAL REGIONAL,999,,D,86.52,87.11,84.06,85.76
29,OCEAN,2360,JACKSON TWP,020,Jackson Memorial High School,S,93.55,92.31,94.06,92.95
29,OCEAN,2360,JACKSON TWP,025,Jackson Liberty High School,S,94.03,89.70,92.24,91.21
29,OCEAN,2360,JACKSON TWP,999,,D,93.77,91.10,93.27,92.16
29,OCEAN,2480,LACEY TWP,020,Lacey Township High School,S,89.51,93.11,93.51,89.89
29,OCEAN,2480,LACEY TWP,999,,D,89.51,93.11,93.51,89.89
29,OCEAN,2520,LAKEWOOD TWP,050,Lakewood High School,S,75.68,75.25,73.51,74.34
29,OCEAN,2520,LAKEWOOD TWP,999,,D,75.68,75.25,73.51,74.34
29,OCEAN,2940,MANCHESTER TWP,040,Manchester Township High School,S,90.46,93.94,86.51,85.66
29,OCEAN,2940,MANCHESTER TWP,999,,D,90.46,93.94,86.51,85.66
29,OCEAN,3790,OCEAN COUNTY VOCATIONAL,010,Ocean County Vocational Technical School Brick Center,S,-,,,
29,OCEAN,3790,OCEAN COUNTY VOCATIONAL,040,Ocean County Vocational Technical School Waretown Center,S,96.55,,,
29,OCEAN,3790,OCEAN COUNTY VOCATIONAL,045,Marine Academy of Technology and Environmental Science,S,100.00,100.00,98.57,98.31
29,OCEAN,3790,OCEAN COUNTY VOCATIONAL,055,Performing Arts Academy of the Ocean County Vocational Tech,S,98.36,100.00,98.15,100.00
29,OCEAN,3790,OCEAN COUNTY VOCATIONAL,999,,D,98.15,100.00,98.39,99.03
29,OCEAN,4105,PINELANDS REGIONAL,050,PINELANDS REGIONAL HIGH SCHOOL,S,91.85,86.55,92.62,87.64
29,OCEAN,4105,PINELANDS REGIONAL,999,,D,91.85,86.55,92.62,87.64
29,OCEAN,4190,PLUMSTED TWP,010,New Egypt High School,S,95.49,93.43,96.46,94.00
29,OCEAN,4190,PLUMSTED TWP,999,,D,95.49,93.43,96.46,94.00
29,OCEAN,4210,POINT PLEASANT BORO,030,Point Pleasant Borough High School,S,91.75,92.83,91.03,94.02
29,OCEAN,4210,POINT PLEASANT BORO,999,,D,91.75,92.83,91.03,94.02
29,OCEAN,4220,POINT PLEASANT BEACH BORO,050,Point Pleasant Beach High School,S,95.06,94.12,96.51,96.51
29,OCEAN,4220,POINT PLEASANT BEACH BORO,999,,D,95.06,94.12,96.51,96.51
29,OCEAN,4950,SOUTHERN REGIONAL,050,Southern Regional High School,S,93.61,93.63,93.62,91.86
29,OCEAN,4950,SOUTHERN REGIONAL,999,,D,93.61,93.63,93.62,91.86
29,OCEAN,5190,TOMS RIVER REGIONAL,030,Toms River High School East,S,87.76,92.08,93.91,91.45
29,OCEAN,5190,TOMS RIVER REGIONAL,040,Toms River High School North,S,93.60,92.65,91.03,93.16
29,OCEAN,5190,TOMS RIVER REGIONAL,050,Toms River High School South,S,92.05,92.15,93.10,88.25
29,OCEAN,5190,TOMS RIVER REGIONAL,999,,D,91.67,92.35,92.45,91.27
31,PASSAIC,0900,CLIFTON CITY,030,Clifton High School,S,87.14,83.79,83.96,82.25
31,PASSAIC,0900,CLIFTON CITY,999,,D,87.14,83.79,83.96,82.25
31,PASSAIC,2100,HAWTHORNE BORO,050,Hawthorne High School,S,92.74,91.88,90.48,85.79
31,PASSAIC,2100,HAWTHORNE BORO,999,,D,92.74,91.88,90.48,85.79
31,PASSAIC,2510,LAKELAND REGIONAL,050,Lakeland Regional High School,S,93.13,91.50,94.70,95.67
31,PASSAIC,2510,LAKELAND REGIONAL,999,,D,93.13,91.50,94.70,95.67
31,PASSAIC,3970,PASSAIC CITY,050,Passaic High School # 12,S,78.45,76.61,78.31,76.32
31,PASSAIC,3970,PASSAIC CITY,999,,D,78.45,76.61,78.31,76.32
31,PASSAIC,3980,PASSAIC CO MANCHESTER REG,010,Passaic County-Manchester Regional High School,S,79.72,79.64,83.71,84.84
31,PASSAIC,3980,PASSAIC CO MANCHESTER REG,999,,D,79.72,79.64,83.71,84.84
31,PASSAIC,3990,PASSAIC VALLEY REGIONAL,050,Passaic Valley Regional High School,S,90.27,90.56,93.85,93.22
31,PASSAIC,3990,PASSAIC VALLEY REGIONAL,999,,D,90.27,90.56,93.85,93.22
31,PASSAIC,3995,PASSAIC COUNTY VOCATIONAL,050,Passaic County Technical Institute,S,98.61,97.91,98.45,98.08
31,PASSAIC,3995,PASSAIC COUNTY VOCATIONAL,999,,D,98.61,97.91,98.45,98.08
31,PASSAIC,4010,PATERSON CITY,001,SCHOOL OF INFORMATION TECHNOLOGY,S,88.95,78.61,84.82,76.39
31,PASSAIC,4010,PATERSON CITY,002,SCHOOL OF CULINARY ARTS HOSPITALITY AND TOURISM,S,92.35,87.13,78.21,76.60
31,PASSAIC,4010,PATERSON CITY,003,SCHOOL OF GOVERNMENT & PUBLIC ADMINISTRATION,S,85.35,87.80,85.90,76.65
31,PASSAIC,4010,PATERSON CITY,004,School of Health Science,S,96.88,86.11,100.00,97.06
31,PASSAIC,4010,PATERSON CITY,005,SCHOOL OF EARTH AND SPACE SCIENCE,S,93.18,91.11,83.72,89.39
31,PASSAIC,4010,PATERSON CITY,020,Rosa L. Parks School of Fine and Performing Arts,S,97.18,100.00,100.00,100.00
31,PASSAIC,4010,PATERSON CITY,035,International High School,S,87.63,81.25,84.38,92.59
31,PASSAIC,4010,PATERSON CITY,304,SCHOOL OF SCIENCE TECHNOLOGY ENGINEERING AND MATHEMATICS,S,88.57,87.07,86.33,83.33
31,PASSAIC,4010,PATERSON CITY,305,SCHOOL OF EDUCATION AND TRAINING,S,83.82,84.67,79.39,83.56
31,PASSAIC,4010,PATERSON CITY,306,SCHOOL OF BUISINESS TECHNOLOGY,S,83.94,71.43,82.78,79.82
31,PASSAIC,4010,PATERSON CITY,307,SCHOOL OF ARCHITECTURE AND CONSTRUCTION TRADES,S,79.59,81.25,78.13,74.77
31,PASSAIC,4010,PATERSON CITY,308,GARRETT MORGAN ACADEMY,S,90.70,-,,
31,PASSAIC,4010,PATERSON CITY,999,,D,87.79,78.27,78.26,74.51
31,PASSAIC,4230,POMPTON LAKES BORO,050,POMPTON LAKES HIGH SCHOOL,S,96.28,95.00,94.84,97.56
31,PASSAIC,4230,POMPTON LAKES BORO,999,,D,96.28,95.00,94.84,97.56
31,PASSAIC,5570,WAYNE TWP,050,WAYNE VALLEY HIGH SCHOOL,S,96.17,95.99,96.10,96.93
31,PASSAIC,5570,WAYNE TWP,055,WAYNE HILLS HIGH SCHOOL,S,96.08,95.32,96.73,90.43
31,PASSAIC,5570,WAYNE TWP,999,,D,96.13,95.65,96.42,93.60
31,PASSAIC,5650,WEST MILFORD TWP,040,West Milford High School,S,95.04,94.17,95.87,91.12
31,PASSAIC,5650,WEST MILFORD TWP,999,,D,95.04,94.17,95.87,91.12
33,SALEM,4070,PENNS GRV-CARNEY'S PT REG,050,Penns Grove High School,S,57.55,72.22,74.10,77.30
33,SALEM,4070,PENNS GRV-CARNEY'S PT REG,999,,D,57.55,72.22,74.10,77.30
33,SALEM,4075,PENNSVILLE,050,Pennsville Memorial High School,S,89.19,88.97,83.08,82.61
33,SALEM,4075,PENNSVILLE,999,,D,89.19,88.97,83.08,82.61
33,SALEM,4150,PITTSGROVE TWP,040,ARTHUR P SCHALICK HIGH SCHOOL,S,94.63,90.60,94.24,83.85
33,SALEM,4150,PITTSGROVE TWP,999,,D,94.63,90.60,94.24,83.85
33,SALEM,4630,SALEM CITY,050,SALEM HIGH SCHOOL,S,88.16,85.54,77.33,69.44
33,SALEM,4630,SALEM CITY,999,,D,88.16,85.54,77.33,69.44
33,SALEM,4640,SALEM COUNTY VOCATIONAL,040,Salem County Career and Technical High School,S,94.18,95.92,98.65,96.82
33,SALEM,4640,SALEM COUNTY VOCATIONAL,999,,D,94.18,95.92,98.65,96.82
33,SALEM,5910,WOODSTOWN-PILESGROVE REG,050,Woodstown High School,S,95.19,95.21,97.74,97.24
33,SALEM,5910,WOODSTOWN-PILESGROVE REG,999,,D,95.19,95.21,97.74,97.24
35,SOMERSET,0350,BERNARDS TWP,050,Ridge High School,S,97.97,97.43,98.06,98.23
35,SOMERSET,0350,BERNARDS TWP,999,,D,97.97,97.43,98.06,98.23
35,SOMERSET,0490,BOUND BROOK BORO,020,BOUND BROOK HIGH SCHOOL,S,81.10,82.11,77.40,78.33
35,SOMERSET,0490,BOUND BROOK BORO,999,,D,81.10,82.11,77.40,78.33
35,SOMERSET,0555,BRIDGEWATER-RARITAN REG,005,BRIDGEWATER-RARITAN HIGH SCHOOL,S,95.05,94.86,95.37,95.02
35,SOMERSET,0555,BRIDGEWATER-RARITAN REG,999,,D,95.05,94.86,95.37,95.02
35,SOMERSET,1610,FRANKLIN TWP,050,Franklin High School,S,85.29,87.82,85.62,84.08
35,SOMERSET,1610,FRANKLIN TWP,999,,D,85.29,87.82,85.62,84.08
35,SOMERSET,2170,HILLSBOROUGH TWP,030,Hillsborough High School,S,97.76,96.73,94.48,95.07
35,SOMERSET,2170,HILLSBOROUGH TWP,999,,D,97.76,96.73,94.48,95.07
35,SOMERSET,3000,MANVILLE BORO,050,Manville High School,S,90.82,89.25,92.59,92.45
35,SOMERSET,3000,MANVILLE BORO,999,,D,90.82,89.25,92.59,92.45
35,SOMERSET,3320,MONTGOMERY TWP,030,Montgomery High School,S,97.58,97.06,95.52,93.24
35,SOMERSET,3320,MONTGOMERY TWP,999,,D,97.58,97.06,95.52,93.24
35,SOMERSET,3670,NORTH PLAINFIELD BORO,050,North Plainfield High School,S,94.51,91.22,95.06,89.52
35,SOMERSET,3670,NORTH PLAINFIELD BORO,999,,D,94.51,91.22,95.06,89.52
35,SOMERSET,4810,SOMERSET CO VOCATIONAL,070,SOMERSET COUNTY VOCATIONAL TECHNICAL HIGH SCHOOL,S,91.67,86.00,85.00,85.23
35,SOMERSET,4810,SOMERSET CO VOCATIONAL,999,,D,91.67,86.00,85.00,85.23
35,SOMERSET,4815,SOMERSET HILLS REGIONAL,020,Bernards High School,S,97.06,95.22,97.21,98.26
35,SOMERSET,4815,SOMERSET HILLS REGIONAL,999,,D,97.06,95.22,97.21,98.26
35,SOMERSET,4820,SOMERVILLE BORO,050,SOMERVILLE HIGH SCHOOL,S,96.19,95.50,89.40,88.71
35,SOMERSET,4820,SOMERVILLE BORO,999,,D,96.19,95.50,89.40,88.71
35,SOMERSET,5550,WATCHUNG HILLS REGIONAL,050,Watchung Hills Regional High School,S,96.38,98.03,98.39,98.89
35,SOMERSET,5550,WATCHUNG HILLS REGIONAL,999,,D,96.38,98.03,98.39,98.89
37,SUSSEX,2165,HIGH POINT REGIONAL,030,HIGH POINT REGIONAL HIGH SCHOOL,S,93.44,94.44,94.64,90.08
37,SUSSEX,2165,HIGH POINT REGIONAL,999,,D,93.44,94.44,94.64,90.08
37,SUSSEX,2240,HOPATCONG,030,Hopatcong High School,S,91.60,87.50,88.27,90.97
37,SUSSEX,2240,HOPATCONG,999,,D,91.60,87.50,88.27,90.97
37,SUSSEX,2465,KITTATINNY REGIONAL,050,Kittatinny Regional High School,S,95.88,96.32,96.45,99.08
37,SUSSEX,2465,KITTATINNY REGIONAL,999,,D,95.88,96.32,96.45,99.08
37,SUSSEX,2615,LENAPE VALLEY REGIONAL,050,Lenape Valley Regional High School,S,93.64,91.63,90.10,92.75
37,SUSSEX,2615,LENAPE VALLEY REGIONAL,999,,D,93.64,91.63,90.10,92.75
37,SUSSEX,3590,NEWTON TOWN,050,Newton High School,S,88.38,95.08,91.90,89.95
37,SUSSEX,3590,NEWTON TOWN,999,,D,88.38,95.08,91.90,89.95
37,SUSSEX,4960,SPARTA TWP,050,SPARTA HIGH SCHOOL,S,98.57,97.03,96.09,98.20
37,SUSSEX,4960,SPARTA TWP,999,,D,98.57,97.03,96.09,98.20
37,SUSSEX,5110,SUSSEX COUNTY VOCATIONAL,010,Sussex County Technical School,S,99.42,98.95,97.88,98.06
37,SUSSEX,5110,SUSSEX COUNTY VOCATIONAL,999,,D,99.42,98.95,97.88,98.06
37,SUSSEX,5360,VERNON TWP,020,Vernon Township High School,S,96.47,92.11,90.67,92.76
37,SUSSEX,5360,VERNON TWP,999,,D,96.47,92.11,90.67,92.76
37,SUSSEX,5435,WALLKILL VALLEY REGIONAL,060,WALLKILL VALLEY REGIONAL HIGH SCHOOL,S,93.82,91.43,92.21,88.83
37,SUSSEX,5435,WALLKILL VALLEY REGIONAL,999,,D,93.82,91.43,92.21,88.83
39,UNION,0310,BERKELEY HEIGHTS TWP,005,Governor Livingston High School,S,96.83,98.28,97.62,98.80
39,UNION,0310,BERKELEY HEIGHTS TWP,999,,D,96.83,98.28,97.62,98.80
39,UNION,0850,CLARK TWP,005,Arthur L. Johnson High School,S,96.77,96.33,97.16,96.46
39,UNION,0850,CLARK TWP,999,,D,96.77,96.33,97.16,96.46
39,UNION,0980,CRANFORD TWP,030,Cranford High School,S,95.19,93.68,96.10,97.15
39,UNION,0980,CRANFORD TWP,999,,D,95.19,93.68,96.10,97.15
39,UNION,1320,ELIZABETH CITY,025,Elizabeth High School,S,99.01,98.09,97.54,94.90
39,UNION,1320,ELIZABETH CITY,303,Academy of Finance,S,94.23,,,
39,UNION,1320,ELIZABETH CITY,401,John E. Dwyer Technology Academy,S,75.07,70.51,68.11,63.64
39,UNION,1320,ELIZABETH CITY,402,Admiral William F. Halsey Jr. Health & Public Safety Academy,S,61.88,72.93,69.40,59.00
39,UNION,1320,ELIZABETH CITY,403,Thomas Jefferson Arts Academy,S,75.79,75.20,71.14,55.94
39,UNION,1320,ELIZABETH CITY,404,Thomas A. Edison Career and Technical Academy,S,76.74,84.30,72.00,70.44
39,UNION,1320,ELIZABETH CITY,405,Alexander Hamilton Preparatory Academy,S,96.20,96.37,94.98,94.57
39,UNION,1320,ELIZABETH CITY,999,,D,79.50,81.24,78.15,72.60
39,UNION,2190,HILLSIDE TWP,050,Hillside High School,S,87.71,86.10,87.57,88.83
39,UNION,2190,HILLSIDE TWP,999,,D,87.71,86.10,87.57,88.83
39,UNION,2420,KENILWORTH BORO,010,David Brearley Middle/High School,S,93.66,95.93,93.75,98.23
39,UNION,2420,KENILWORTH BORO,999,,D,93.66,95.93,93.75,98.23
39,UNION,2660,LINDEN CITY,050,Linden High School,S,85.57,88.63,88.47,90.12
39,UNION,2660,LINDEN CITY,999,,D,85.57,88.63,88.47,90.12
39,UNION,3560,NEW PROVIDENCE BORO,050,New Providence High School,S,97.19,93.22,96.75,98.17
39,UNION,3560,NEW PROVIDENCE BORO,999,,D,97.19,93.22,96.75,98.17
39,UNION,4160,PLAINFIELD CITY,050,Plainfield High School,S,70.82,78.48,80.49,90.69
39,UNION,4160,PLAINFIELD CITY,051,Barack Obama Academy for Academic & Civic Development,S,46.15,54.55,58.82,-
39,UNION,4160,PLAINFIELD CITY,052,PLAINFIELD ACADEMY FOR THE ARTS & ADVANCED STUDIES,S,95.65,94.83,95.83,91.67
39,UNION,4160,PLAINFIELD CITY,999,,D,72.73,78.28,80.49,89.42
39,UNION,4290,RAHWAY CITY,050,Rahway High School,S,84.88,84.87,89.04,85.71
39,UNION,4290,RAHWAY CITY,999,,D,84.88,84.87,89.04,85.71
39,UNION,4540,ROSELLE BORO,010,ABRAHAM CLARK HIGH SCHOOL,S,86.36,74.21,90.16,78.45
39,UNION,4540,ROSELLE BORO,999,,D,86.36,74.21,90.16,78.45
39,UNION,4550,ROSELLE PARK BORO,050,Roselle Park High School,S,96.32,93.75,93.46,96.03
39,UNION,4550,ROSELLE PARK BORO,999,,D,96.32,93.75,93.46,96.03
39,UNION,4670,SCOTCH PLAINS-FANWOOD REG,050,Scotch Plains-Fanwood High School,S,95.66,96.31,97.72,96.90
39,UNION,4670,SCOTCH PLAINS-FANWOOD REG,999,,D,95.66,96.31,97.72,96.90
39,UNION,5000,SPRINGFIELD TWP,010,Jonathan Dayton High School,S,89.44,94.94,95.63,96.00
39,UNION,5000,SPRINGFIELD TWP,999,,D,89.44,94.94,95.63,96.00
39,UNION,5090,SUMMIT CITY,050,Summit High School,S,96.17,96.09,96.76,95.50
39,UNION,5090,SUMMIT CITY,999,,D,96.17,96.09,96.76,95.50
39,UNION,5260,UNION COUNTY VOCATIONAL,020,Academy For Allied Health Sciences,S,100.00,100.00,100.00,100.00
39,UNION,5260,UNION COUNTY VOCATIONAL,030,Academy For Information Technology,S,100.00,100.00,100.00,100.00
39,UNION,5260,UNION COUNTY VOCATIONAL,035,Academy For Performing Arts,S,100.00,100.00,100.00,100.00
39,UNION,5260,UNION COUNTY VOCATIONAL,040,Union County Magnet High School,S,100.00,100.00,100.00,100.00
39,UNION,5260,UNION COUNTY VOCATIONAL,050,Union County Tech,S,100.00,97.50,97.01,96.92
39,UNION,5260,UNION COUNTY VOCATIONAL,999,,D,100.00,99.39,99.36,99.34
39,UNION,5290,UNION TWP,050,UNION SENIOR HIGH,S,93.05,91.10,93.62,94.64
39,UNION,5290,UNION TWP,999,,D,93.05,91.10,93.62,94.64
39,UNION,5730,WESTFIELD TOWN,050,WESTFIELD SENIOR HIGH SCHOOL,S,98.14,97.26,97.34,96.51
39,UNION,5730,WESTFIELD TOWN,999,,D,98.14,97.26,97.34,96.51
41,WARREN,0280,BELVIDERE TOWN,020,BELVIDERE HIGH SCHOOL,S,94.96,95.41,92.42,93.69
41,WARREN,0280,BELVIDERE TOWN,999,,D,94.96,95.41,92.42,93.69
41,WARREN,1870,HACKETTSTOWN,050,Hackettstown High School,S,93.57,93.56,91.67,94.04
41,WARREN,1870,HACKETTSTOWN,999,,D,93.57,93.56,91.67,94.04
41,WARREN,3675,NORTH WARREN REGIONAL,050,North Warren Regional School,S,93.33,94.70,94.74,98.21
41,WARREN,3675,NORTH WARREN REGIONAL,999,,D,93.33,94.70,94.74,98.21
41,WARREN,4100,PHILLIPSBURG TOWN,050,PHILLIPSBURG HIGH SCHOOL,S,91.70,90.80,87.88,86.46
41,WARREN,4100,PHILLIPSBURG TOWN,999,,D,91.70,90.80,87.88,86.46
41,WARREN,5460,WARREN COUNTY VOCATIONAL,050,Warren County Vocational Technical School,S,98.91,98.15,95.04,98.91
41,WARREN,5460,WARREN COUNTY VOCATIONAL,999,,D,98.91,98.15,95.04,98.91
41,WARREN,5465,WARREN HILLS REGIONAL,050,Warren Hills Regional High School,S,93.50,94.69,90.85,91.25
41,WARREN,5465,WARREN HILLS REGIONAL,999,,D,93.50,94.69,90.85,91.25
80,CHARTERS,6010,Academy Charter High School,910,Academy Charter High School,S,87.80,91.67,88.89,82.35
80,CHARTERS,6010,Academy Charter High School,999,,D,87.80,91.67,88.89,82.35
80,CHARTERS,6013,Bergen Arts and Sciences Charter School,900,Bergen Arts and Sciences Charter School,S,93.65,100.00,92.59,
80,CHARTERS,6013,Bergen Arts and Sciences Charter School,999,,D,93.65,100.00,92.59,
80,CHARTERS,6017,Foundation Academy CS,932,Foundation Academy Charter School,S,91.49,94.23,85.45,-
80,CHARTERS,6017,Foundation Academy CS,999,,D,91.49,94.23,85.45,-
80,CHARTERS,6018,Central Jersey College Prep Charter School,900,Central Jersey College Prep Charter School,S,100.00,100.00,100.00,100.00
80,CHARTERS,6018,Central Jersey College Prep Charter School,999,,D,100.00,100.00,100.00,100.00
80,CHARTERS,6032,Academy for Urban Leadership Charter School,901,Academy for Urban Leadership Charter School,S,94.51,92.31,94.25,94.79
80,CHARTERS,6032,Academy for Urban Leadership Charter School,999,,D,94.51,92.31,94.25,94.79
80,CHARTERS,6033,The Barack Obama Green Charter High School,902,The Barack Obama Green Charter High School,S,82.35,75.51,78.72,92.50
80,CHARTERS,6033,The Barack Obama Green Charter High School,999,,D,82.35,75.51,78.72,92.50
80,CHARTERS,6053,Great Oaks Legacy Charter School,917,Great Oaks Legacy Charter School,S,71.43,,,
80,CHARTERS,6053,Great Oaks Legacy Charter School,999,,D,71.43,,,
80,CHARTERS,6057,Peoples Preparatory Charter School,938,Peoples Preparatory Charter School,S,75.28,69.79,76.40,
80,CHARTERS,6057,Peoples Preparatory Charter School,999,,D,75.28,69.79,76.40,
80,CHARTERS,6059,Newark Prep Charter School,941,Newark Prep Charter School,S,74.29,64.83,,
80,CHARTERS,6059,Newark Prep Charter School,999,,D,74.29,64.83,,
80,CHARTERS,6068,M E T S Charter School,951,M.E.T.S. CHARTER SCHOOL,S,100.00,100.00,94.87,
80,CHARTERS,6068,M E T S Charter School,999,,D,100.00,100.00,94.87,
80,CHARTERS,6090,Paulo Freire Charter School,977,Paulo Freire Charter School,S,84.29,72.73,,
80,CHARTERS,6090,Paulo Freire Charter School,999,,D,84.29,72.73,,
80,CHARTERS,6107,Camdens Promise Charter School,998,Camdens Promise Charter School,S,97.32,,,
80,CHARTERS,6107,Camdens Promise Charter School,999,,D,97.32,,,
80,CHARTERS,6720,Hoboken CS,930,Hoboken Charter School,S,92.00,-,-,-
80,CHARTERS,6720,Hoboken CS,999,,D,92.00,-,-,-
80,CHARTERS,7109,LEAP Academy University CS,931,LEAP ACADEMY UNIVERSITY CHARTER SCHOOL,S,99.15,93.10,98.17,98.33
80,CHARTERS,7109,LEAP Academy University CS,999,,D,99.15,93.10,98.17,98.33
80,CHARTERS,7210,Marion P. Thomas CS,940,Marion P. Thomas Charter School,S,82.61,75.00,88.57,
80,CHARTERS,7210,Marion P. Thomas CS,999,,D,82.61,75.00,88.57,
80,CHARTERS,7320,North Star Academy Charter School,960,North Star Academy Charter School,S,95.18,95.29,86.67,91.89
80,CHARTERS,7320,North Star Academy Charter School,999,,D,95.18,95.29,86.67,91.89
80,CHARTERS,7325,TEAM Academy Charter School,965,TEAM Academy Charter School,S,82.78,79.14,74.44,81.40
80,CHARTERS,7325,TEAM Academy Charter School,999,,D,82.78,79.14,74.44,81.40
80,CHARTERS,7410,chARTer~TECH HIGH SCHOOL,940,Chartertech High School for the Performing Arts,S,89.23,82.14,87.01,83.08
80,CHARTERS,7410,chARTer~TECH HIGH SCHOOL,999,,D,89.23,82.14,87.01,83.08
80,CHARTERS,7503,Paterson CS for Sci/Tech,970,Paterson Charter School for Science/Technology,S,97.30,95.77,93.15,91.36
80,CHARTERS,7503,Paterson CS for Sci/Tech,999,,D,97.30,95.77,93.15,91.36
80,CHARTERS,8010,Union County TEAMS CS,980,Union County TEAMS Charter School,S,100.00,97.22,-,-
80,CHARTERS,8010,Union County TEAMS CS,999,,D,100.00,97.22,-,-
80,CHARTERS,8060,University Academy CS,990,University Academy Charter High School,S,88.24,84.91,88.04,91.67
80,CHARTERS,8060,University Academy CS,999,,D,88.24,84.91,88.04,91.67